{"cameraMode":{"drawMode":0,"name":"Shaded","section":"Shading Mode"},"sceneLighting":false,"audioPlay":false,"sceneViewState":{"showFog":false,"showMaterialUpdate":false,"showSkybox":false,"showFlares":false,"showImageEffects":false,"showParticleSystems":false},"in2DMode":false,"pivot":{"x":284.7574157714844,"y":238.0558319091797,"z":170.35829162597657},"rotation":{"x":0.012279324233531952,"y":0.07043173164129257,"z":-0.0008520964765921235,"w":0.9974501132965088},"size":22.0,"orthographic":false}