{"cameraMode":{"drawMode":0,"name":"Shaded","section":"Shading Mode"},"sceneLighting":false,"audioPlay":false,"sceneViewState":{"showFog":false,"showMaterialUpdate":false,"showSkybox":false,"showFlares":false,"showImageEffects":false,"showParticleSystems":false},"in2DMode":false,"pivot":{"x":269.6033020019531,"y":254.93536376953126,"z":-2.084381103515625},"rotation":{"x":-0.06414619088172913,"y":-0.005993472877889872,"z":-0.000378234515665099,"w":0.9979315400123596},"size":466.5679931640625,"orthographic":false}